id_cliente,nome,email,cidade
1,Ana Beatriz,ana_beatriz@exemplo.com,Rio de Janeiro
2,Carlos Eduardo,carlos_eduardo@exemplo.com,Recife
3,Fernanda Correia,fernanda_correia@exemplo.com,Rio de Janeiro
4,Luiz Faria,luiz_faria@exemplo.com,Recife
5,PatrÃ­cia Nobre,patrÃ­cia_nobre@exemplo.com,Curitiba
6,Ricardo Sousa,ricardo_sousa@exemplo.com,Fortaleza
7,Sandra Mara,sandra_mara@exemplo.com,Belo Horizonte
8,Tiago Gomes,tiago_gomes@exemplo.com,Belo Horizonte
9,Veronica Silva,veronica_silva@exemplo.com,Porto Alegre
10,Marcio Nogueira,marcio_nogueira@exemplo.com,Recife
11,Ana Beatriz,ana_beatriz@exemplo.com,Belo Horizonte
12,Carlos Eduardo,carlos_eduardo@exemplo.com,Manaus
13,Fernanda Correia,fernanda_correia@exemplo.com,BrasÃ­lia
14,Luiz Faria,luiz_faria@exemplo.com,SÃ£o Paulo
15,PatrÃ­cia Nobre,patrÃ­cia_nobre@exemplo.com,SÃ£o Paulo
16,Ricardo Sousa,ricardo_sousa@exemplo.com,Manaus
17,Sandra Mara,sandra_mara@exemplo.com,Fortaleza
18,Tiago Gomes,tiago_gomes@exemplo.com,Manaus
19,Veronica Silva,veronica_silva@exemplo.com,Rio de Janeiro
20,Marcio Nogueira,marcio_nogueira@exemplo.com,SÃ£o Paulo
21,Ana Beatriz,ana_beatriz@exemplo.com,SÃ£o Paulo
22,Carlos Eduardo,carlos_eduardo@exemplo.com,Porto Alegre
23,Fernanda Correia,fernanda_correia@exemplo.com,Porto Alegre
24,Luiz Faria,luiz_faria@exemplo.com,Porto Alegre
25,PatrÃ­cia Nobre,patrÃ­cia_nobre@exemplo.com,Recife
26,Ricardo Sousa,ricardo_sousa@exemplo.com,Fortaleza
27,Sandra Mara,sandra_mara@exemplo.com,Salvador
28,Tiago Gomes,tiago_gomes@exemplo.com,Salvador
29,Veronica Silva,veronica_silva@exemplo.com,SÃ£o Paulo
30,Marcio Nogueira,marcio_nogueira@exemplo.com,Rio de Janeiro
31,Ana Beatriz,ana_beatriz@exemplo.com,Salvador
32,Carlos Eduardo,carlos_eduardo@exemplo.com,Belo Horizonte
33,Fernanda Correia,fernanda_correia@exemplo.com,Salvador
34,Luiz Faria,luiz_faria@exemplo.com,BrasÃ­lia
35,PatrÃ­cia Nobre,patrÃ­cia_nobre@exemplo.com,Rio de Janeiro
36,Ricardo Sousa,ricardo_sousa@exemplo.com,Manaus
37,Sandra Mara,sandra_mara@exemplo.com,Porto Alegre
38,Tiago Gomes,tiago_gomes@exemplo.com,Manaus
39,Veronica Silva,veronica_silva@exemplo.com,SÃ£o Paulo
40,Marcio Nogueira,marcio_nogueira@exemplo.com,Fortaleza
41,Ana Beatriz,ana_beatriz@exemplo.com,Curitiba
42,Carlos Eduardo,carlos_eduardo@exemplo.com,Salvador
43,Fernanda Correia,fernanda_correia@exemplo.com,Curitiba
44,Luiz Faria,luiz_faria@exemplo.com,Curitiba
45,PatrÃ­cia Nobre,patrÃ­cia_nobre@exemplo.com,SÃ£o Paulo
46,Ricardo Sousa,ricardo_sousa@exemplo.com,Salvador
47,Sandra Mara,sandra_mara@exemplo.com,Rio de Janeiro
48,Tiago Gomes,tiago_gomes@exemplo.com,Recife
49,Veronica Silva,veronica_silva@exemplo.com,SÃ£o Paulo
50,Marcio Nogueira,marcio_nogueira@exemplo.com,Curitiba
51,Ana Beatriz,ana_beatriz@exemplo.com,Salvador
52,Carlos Eduardo,carlos_eduardo@exemplo.com,Salvador
53,Fernanda Correia,fernanda_correia@exemplo.com,Porto Alegre
54,Luiz Faria,luiz_faria@exemplo.com,Belo Horizonte
55,PatrÃ­cia Nobre,patrÃ­cia_nobre@exemplo.com,Manaus
56,Ricardo Sousa,ricardo_sousa@exemplo.com,Recife
57,Sandra Mara,sandra_mara@exemplo.com,Belo Horizonte
58,Tiago Gomes,tiago_gomes@exemplo.com,Salvador
59,Veronica Silva,veronica_silva@exemplo.com,Curitiba
60,Marcio Nogueira,marcio_nogueira@exemplo.com,Belo Horizonte
61,Ana Beatriz,ana_beatriz@exemplo.com,BrasÃ­lia
62,Carlos Eduardo,carlos_eduardo@exemplo.com,Fortaleza
63,Fernanda Correia,fernanda_correia@exemplo.com,Manaus
64,Luiz Faria,luiz_faria@exemplo.com,Fortaleza
65,PatrÃ­cia Nobre,patrÃ­cia_nobre@exemplo.com,SÃ£o Paulo
66,Ricardo Sousa,ricardo_sousa@exemplo.com,Belo Horizonte
67,Sandra Mara,sandra_mara@exemplo.com,Belo Horizonte
68,Tiago Gomes,tiago_gomes@exemplo.com,Curitiba
69,Veronica Silva,veronica_silva@exemplo.com,Fortaleza
70,Marcio Nogueira,marcio_nogueira@exemplo.com,SÃ£o Paulo
71,Ana Beatriz,ana_beatriz@exemplo.com,Manaus
72,Carlos Eduardo,carlos_eduardo@exemplo.com,Fortaleza
73,Fernanda Correia,fernanda_correia@exemplo.com,Porto Alegre
74,Luiz Faria,luiz_faria@exemplo.com,Recife
75,PatrÃ­cia Nobre,patrÃ­cia_nobre@exemplo.com,Fortaleza
76,Ricardo Sousa,ricardo_sousa@exemplo.com,SÃ£o Paulo
77,Sandra Mara,sandra_mara@exemplo.com,BrasÃ­lia
78,Tiago Gomes,tiago_gomes@exemplo.com,Fortaleza
79,Veronica Silva,veronica_silva@exemplo.com,Belo Horizonte
80,Marcio Nogueira,marcio_nogueira@exemplo.com,Recife
81,Ana Beatriz,ana_beatriz@exemplo.com,Salvador
82,Carlos Eduardo,carlos_eduardo@exemplo.com,Manaus
83,Fernanda Correia,fernanda_correia@exemplo.com,SÃ£o Paulo
84,Luiz Faria,luiz_faria@exemplo.com,Rio de Janeiro
85,PatrÃ­cia Nobre,patrÃ­cia_nobre@exemplo.com,Salvador
86,Ricardo Sousa,ricardo_sousa@exemplo.com,Rio de Janeiro
87,Sandra Mara,sandra_mara@exemplo.com,Recife
88,Tiago Gomes,tiago_gomes@exemplo.com,Curitiba
89,Veronica Silva,veronica_silva@exemplo.com,Belo Horizonte
90,Marcio Nogueira,marcio_nogueira@exemplo.com,Fortaleza
91,Ana Beatriz,ana_beatriz@exemplo.com,BrasÃ­lia
92,Carlos Eduardo,carlos_eduardo@exemplo.com,Salvador
93,Fernanda Correia,fernanda_correia@exemplo.com,SÃ£o Paulo
94,Luiz Faria,luiz_faria@exemplo.com,BrasÃ­lia
95,PatrÃ­cia Nobre,patrÃ­cia_nobre@exemplo.com,Porto Alegre
96,Ricardo Sousa,ricardo_sousa@exemplo.com,Fortaleza
97,Sandra Mara,sandra_mara@exemplo.com,Fortaleza
98,Tiago Gomes,tiago_gomes@exemplo.com,Belo Horizonte
99,Veronica Silva,veronica_silva@exemplo.com,Recife
100,Marcio Nogueira,marcio_nogueira@exemplo.com,Belo Horizonte
